[{"id": 268, "created": "2022-03-21T21:47:15.404988", "project_id": 5, "task_id": 908, "user_id": 11, "user_ip": null, "finish_time": "2022-03-21T21:47:32.370663", "timeout": null, "calibration": null, "external_uid": null, "media_url": null, "info": "skip"}, {"id": 269, "created": "2022-03-21T21:47:15.455789", "project_id": 5, "task_id": 909, "user_id": 11, "user_ip": null, "finish_time": "2022-03-21T21:47:33.788154", "timeout": null, "calibration": null, "external_uid": null, "media_url": null, "info": "skip"}, {"id": 270, "created": "2022-03-21T21:47:32.498554", "project_id": 5, "task_id": 910, "user_id": 11, "user_ip": null, "finish_time": "2022-03-21T21:47:48.240582", "timeout": null, "calibration": null, "external_uid": null, "media_url": null, "info": "skip"}, {"id": 271, "created": "2022-03-21T21:47:33.867721", "project_id": 5, "task_id": 911, "user_id": 11, "user_ip": null, "finish_time": "2022-03-21T21:48:07.408346", "timeout": null, "calibration": null, "external_uid": null, "media_url": null, "info": "skip"}, {"id": 272, "created": "2022-03-21T21:47:48.349450", "project_id": 5, "task_id": 912, "user_id": 11, "user_ip": null, "finish_time": "2022-03-21T22:03:32.625861", "timeout": null, "calibration": null, "external_uid": null, "media_url": null, "info": "skip"}, {"id": 273, "created": "2022-03-21T22:11:44.088985", "project_id": 5, "task_id": 913, "user_id": 11, "user_ip": null, "finish_time": "2022-03-21T22:11:51.729310", "timeout": null, "calibration": null, "external_uid": null, "media_url": null, "info": "test"}, {"id": 274, "created": "2022-04-26T03:12:48.376320", "project_id": 5, "task_id": 914, "user_id": 11, "user_ip": null, "finish_time": "2022-04-26T03:12:53.210072", "timeout": null, "calibration": null, "external_uid": null, "media_url": null, "info": "skip"}, {"id": 275, "created": "2022-04-26T03:12:48.424811", "project_id": 5, "task_id": 915, "user_id": 11, "user_ip": null, "finish_time": "2022-04-26T03:12:58.319807", "timeout": null, "calibration": null, "external_uid": null, "media_url": null, "info": "skip"}, {"id": 276, "created": "2022-04-26T03:12:53.356695", "project_id": 5, "task_id": 916, "user_id": 11, "user_ip": null, "finish_time": "2022-04-26T03:13:06.564151", "timeout": null, "calibration": null, "external_uid": null, "media_url": null, "info": "skip"}, {"id": 277, "created": "2022-04-26T03:12:58.388983", "project_id": 5, "task_id": 917, "user_id": 11, "user_ip": null, "finish_time": "2022-04-26T03:13:07.856821", "timeout": null, "calibration": null, "external_uid": null, "media_url": null, "info": "skip"}, {"id": 278, "created": "2022-04-26T03:13:06.694246", "project_id": 5, "task_id": 918, "user_id": 11, "user_ip": null, "finish_time": "2022-04-26T03:13:08.949083", "timeout": null, "calibration": null, "external_uid": null, "media_url": null, "info": "skip"}, {"id": 279, "created": "2022-04-26T03:13:07.916535", "project_id": 5, "task_id": 919, "user_id": 11, "user_ip": null, "finish_time": "2022-04-26T03:13:10.849709", "timeout": null, "calibration": null, "external_uid": null, "media_url": null, "info": "skip"}, {"id": 280, "created": "2022-04-26T03:13:09.068282", "project_id": 5, "task_id": 920, "user_id": 11, "user_ip": null, "finish_time": "2022-04-26T03:13:15.733179", "timeout": null, "calibration": null, "external_uid": null, "media_url": null, "info": "test"}, {"id": 281, "created": "2022-04-26T03:13:10.909051", "project_id": 5, "task_id": 921, "user_id": 11, "user_ip": null, "finish_time": "2022-04-26T03:13:20.010607", "timeout": null, "calibration": null, "external_uid": null, "media_url": null, "info": "skip"}, {"id": 282, "created": "2022-04-26T03:13:15.905958", "project_id": 5, "task_id": 922, "user_id": 11, "user_ip": null, "finish_time": "2022-04-26T03:13:20.775651", "timeout": null, "calibration": null, "external_uid": null, "media_url": null, "info": "skip"}, {"id": 283, "created": "2022-04-26T03:34:49.735278", "project_id": 5, "task_id": 923, "user_id": 11, "user_ip": null, "finish_time": "2022-04-26T03:35:00.664541", "timeout": null, "calibration": null, "external_uid": null, "media_url": null, "info": "qq"}, {"id": 284, "created": "2022-04-26T03:34:49.873409", "project_id": 5, "task_id": 924, "user_id": 11, "user_ip": null, "finish_time": "2022-04-26T03:52:11.914617", "timeout": null, "calibration": null, "external_uid": null, "media_url": null, "info": "skip"}, {"id": 285, "created": "2022-04-26T03:53:08.531359", "project_id": 5, "task_id": 925, "user_id": 11, "user_ip": null, "finish_time": "2022-04-26T03:53:13.908947", "timeout": null, "calibration": null, "external_uid": null, "media_url": null, "info": "w"}]