[{"id": 298, "created": "2022-05-09T04:30:57.335759", "project_id": 6, "task_id": 992, "user_id": 11, "user_ip": null, "finish_time": "2022-05-09T04:31:06.827463", "timeout": null, "calibration": null, "external_uid": null, "media_url": null, "info": "skip"}, {"id": 299, "created": "2022-05-09T04:30:57.385674", "project_id": 6, "task_id": 993, "user_id": 11, "user_ip": null, "finish_time": "2022-05-09T04:31:09.043310", "timeout": null, "calibration": null, "external_uid": null, "media_url": null, "info": "skip"}, {"id": 300, "created": "2022-05-09T04:31:06.965824", "project_id": 6, "task_id": 994, "user_id": 11, "user_ip": null, "finish_time": "2022-05-09T04:31:10.124212", "timeout": null, "calibration": null, "external_uid": null, "media_url": null, "info": "skip"}, {"id": 301, "created": "2022-05-09T04:31:09.101970", "project_id": 6, "task_id": 995, "user_id": 11, "user_ip": null, "finish_time": "2022-05-09T04:31:11.246474", "timeout": null, "calibration": null, "external_uid": null, "media_url": null, "info": "skip"}, {"id": 302, "created": "2022-05-09T04:31:20.964674", "project_id": 6, "task_id": 996, "user_id": 11, "user_ip": null, "finish_time": "2022-05-09T04:31:26.400952", "timeout": null, "calibration": null, "external_uid": null, "media_url": null, "info": "1"}, {"id": 303, "created": "2022-05-09T04:31:21.012865", "project_id": 6, "task_id": 997, "user_id": 11, "user_ip": null, "finish_time": "2022-05-09T04:31:30.506643", "timeout": null, "calibration": null, "external_uid": null, "media_url": null, "info": "skip"}, {"id": 304, "created": "2022-05-09T04:31:26.557518", "project_id": 6, "task_id": 998, "user_id": 11, "user_ip": null, "finish_time": "2022-05-09T04:31:32.331945", "timeout": null, "calibration": null, "external_uid": null, "media_url": null, "info": "skip"}, {"id": 305, "created": "2022-05-09T04:34:22.412711", "project_id": 6, "task_id": 999, "user_id": 11, "user_ip": null, "finish_time": "2022-05-09T04:34:25.189583", "timeout": null, "calibration": null, "external_uid": null, "media_url": null, "info": "skip"}, {"id": 306, "created": "2022-05-09T04:34:22.552981", "project_id": 6, "task_id": 1000, "user_id": 11, "user_ip": null, "finish_time": "2022-05-09T04:34:26.478863", "timeout": null, "calibration": null, "external_uid": null, "media_url": null, "info": "skip"}, {"id": 307, "created": "2022-05-09T04:34:25.258015", "project_id": 6, "task_id": 1001, "user_id": 11, "user_ip": null, "finish_time": "2022-05-09T04:34:28.309772", "timeout": null, "calibration": null, "external_uid": null, "media_url": null, "info": "skip"}, {"id": 308, "created": "2022-05-09T04:34:26.617107", "project_id": 6, "task_id": 1002, "user_id": 11, "user_ip": null, "finish_time": "2022-05-09T04:34:29.137572", "timeout": null, "calibration": null, "external_uid": null, "media_url": null, "info": "skip"}, {"id": 309, "created": "2022-05-09T04:34:28.369505", "project_id": 6, "task_id": 1003, "user_id": 11, "user_ip": null, "finish_time": "2022-05-09T04:34:29.907740", "timeout": null, "calibration": null, "external_uid": null, "media_url": null, "info": "skip"}, {"id": 310, "created": "2022-05-09T04:34:29.275356", "project_id": 6, "task_id": 1004, "user_id": 11, "user_ip": null, "finish_time": "2022-05-09T04:34:30.646426", "timeout": null, "calibration": null, "external_uid": null, "media_url": null, "info": "skip"}, {"id": 311, "created": "2022-05-09T04:34:29.986377", "project_id": 6, "task_id": 1005, "user_id": 11, "user_ip": null, "finish_time": "2022-05-09T04:34:31.354718", "timeout": null, "calibration": null, "external_uid": null, "media_url": null, "info": "skip"}, {"id": 312, "created": "2022-05-09T04:34:30.793858", "project_id": 6, "task_id": 1006, "user_id": 11, "user_ip": null, "finish_time": "2022-05-09T04:34:31.985702", "timeout": null, "calibration": null, "external_uid": null, "media_url": null, "info": "skip"}, {"id": 313, "created": "2022-05-09T04:34:31.433935", "project_id": 6, "task_id": 1007, "user_id": 11, "user_ip": null, "finish_time": "2022-05-09T04:34:32.625138", "timeout": null, "calibration": null, "external_uid": null, "media_url": null, "info": "skip"}, {"id": 314, "created": "2022-05-09T12:32:27.873519", "project_id": 6, "task_id": 1008, "user_id": 11, "user_ip": null, "finish_time": "2022-05-09T12:32:53.585570", "timeout": null, "calibration": null, "external_uid": null, "media_url": null, "info": "CARES Act Unemployment Benefit Implementation"}, {"id": 315, "created": "2022-05-09T12:32:27.993183", "project_id": 6, "task_id": 1009, "user_id": 11, "user_ip": null, "finish_time": "2022-05-09T12:33:01.904771", "timeout": null, "calibration": null, "external_uid": null, "media_url": null, "info": "skip"}, {"id": 316, "created": "2022-05-09T13:52:16.154232", "project_id": 6, "task_id": 1010, "user_id": 11, "user_ip": null, "finish_time": "2022-05-09T13:52:32.732834", "timeout": null, "calibration": null, "external_uid": null, "media_url": null, "info": "test MCVP"}]