[{"id": 189, "created": "2021-02-16T17:25:09.897043", "project_id": 4, "task_id": 698, "user_id": 17, "user_ip": null, "finish_time": "2021-02-16T17:25:39.394221", "timeout": null, "calibration": null, "external_uid": null, "media_url": null, "info": "ACE inhibitors are a medication used for high blood pressure."}, {"id": 190, "created": "2021-02-16T17:25:10.027842", "project_id": 4, "task_id": 699, "user_id": 17, "user_ip": null, "finish_time": "2021-02-16T17:25:42.687630", "timeout": null, "calibration": null, "external_uid": null, "media_url": null, "info": "ACE inhibitors are a medication used for high blood pressure."}, {"id": 191, "created": "2021-02-16T17:25:39.549321", "project_id": 4, "task_id": 700, "user_id": 17, "user_ip": null, "finish_time": "2021-02-16T17:25:43.204840", "timeout": null, "calibration": null, "external_uid": null, "media_url": null, "info": "ACE inhibitors are a medication used for high blood pressure."}, {"id": 192, "created": "2021-02-24T03:54:18.044217", "project_id": 4, "task_id": 698, "user_id": 11, "user_ip": null, "finish_time": "2021-02-24T03:54:32.879716", "timeout": null, "calibration": null, "external_uid": null, "media_url": null, "info": "test1"}, {"id": 193, "created": "2021-02-24T04:00:14.227455", "project_id": 4, "task_id": 699, "user_id": 11, "user_ip": null, "finish_time": "2021-02-24T04:00:22.061529", "timeout": null, "calibration": null, "external_uid": null, "media_url": null, "info": "test 2"}, {"id": 194, "created": "2021-02-24T21:41:35.995901", "project_id": 4, "task_id": 698, "user_id": 8, "user_ip": null, "finish_time": "2021-02-24T21:42:20.786435", "timeout": null, "calibration": null, "external_uid": null, "media_url": null, "info": "a type of medicine used to treat blood pressure issues"}, {"id": 195, "created": "2021-02-24T21:52:21.683544", "project_id": 4, "task_id": 699, "user_id": 8, "user_ip": null, "finish_time": "2021-02-24T21:54:27.546283", "timeout": null, "calibration": null, "external_uid": null, "media_url": null, "info": "a condition that suffocates"}, {"id": 196, "created": "2021-02-25T18:07:57.394531", "project_id": 4, "task_id": 700, "user_id": 11, "user_ip": null, "finish_time": "2021-02-25T18:08:04.560061", "timeout": null, "calibration": null, "external_uid": null, "media_url": null, "info": ""}, {"id": 197, "created": "2021-02-25T18:07:57.423676", "project_id": 4, "task_id": 701, "user_id": 11, "user_ip": null, "finish_time": "2021-02-25T18:08:13.018180", "timeout": null, "calibration": null, "external_uid": null, "media_url": null, "info": "test 3"}, {"id": 198, "created": "2021-02-25T18:09:47.869057", "project_id": 4, "task_id": 702, "user_id": 11, "user_ip": null, "finish_time": "2021-02-25T18:09:59.628432", "timeout": null, "calibration": null, "external_uid": null, "media_url": null, "info": "test 5"}, {"id": 199, "created": "2021-02-25T18:09:47.908045", "project_id": 4, "task_id": 703, "user_id": 11, "user_ip": null, "finish_time": "2021-02-25T18:10:08.056896", "timeout": null, "calibration": null, "external_uid": null, "media_url": null, "info": "test 6"}, {"id": 200, "created": "2021-02-25T18:09:59.682377", "project_id": 4, "task_id": 704, "user_id": 11, "user_ip": null, "finish_time": "2021-02-25T18:10:18.229406", "timeout": null, "calibration": null, "external_uid": null, "media_url": null, "info": "test 7"}, {"id": 201, "created": "2021-02-25T18:15:15.662993", "project_id": 4, "task_id": 705, "user_id": 11, "user_ip": null, "finish_time": "2021-02-25T18:15:29.987777", "timeout": null, "calibration": null, "external_uid": null, "media_url": null, "info": "test 7"}, {"id": 202, "created": "2021-02-25T18:15:15.703825", "project_id": 4, "task_id": 706, "user_id": 11, "user_ip": null, "finish_time": "2021-02-25T18:15:36.532105", "timeout": null, "calibration": null, "external_uid": null, "media_url": null, "info": "test 8"}, {"id": 203, "created": "2021-02-25T18:17:19.435149", "project_id": 4, "task_id": 707, "user_id": 11, "user_ip": null, "finish_time": "2021-02-25T18:17:27.632435", "timeout": null, "calibration": null, "external_uid": null, "media_url": null, "info": "test 7"}, {"id": 204, "created": "2021-02-25T18:23:52.184302", "project_id": 4, "task_id": 708, "user_id": 11, "user_ip": null, "finish_time": "2021-02-25T18:24:00.618475", "timeout": null, "calibration": null, "external_uid": null, "media_url": null, "info": "test viet"}, {"id": 205, "created": "2021-02-25T18:30:23.776959", "project_id": 4, "task_id": 709, "user_id": 11, "user_ip": null, "finish_time": "2021-02-25T18:30:35.075725", "timeout": null, "calibration": null, "external_uid": null, "media_url": null, "info": "test V"}, {"id": 206, "created": "2021-02-25T19:03:54.486019", "project_id": 4, "task_id": 700, "user_id": 8, "user_ip": null, "finish_time": "2021-02-25T19:04:45.584939", "timeout": null, "calibration": null, "external_uid": null, "media_url": null, "info": "a way to move between states without quarantine"}, {"id": 207, "created": "2021-02-25T21:32:16.970959", "project_id": 4, "task_id": 698, "user_id": 18, "user_ip": null, "finish_time": "2021-02-25T21:32:24.788726", "timeout": null, "calibration": null, "external_uid": null, "media_url": null, "info": "test v6"}, {"id": 208, "created": "2021-02-26T01:25:45.473670", "project_id": 4, "task_id": 701, "user_id": 8, "user_ip": null, "finish_time": "2021-02-26T01:26:08.995148", "timeout": null, "calibration": null, "external_uid": null, "media_url": null, "info": "can share virus through breathing"}, {"id": 209, "created": "2021-02-26T02:03:18.681474", "project_id": 4, "task_id": 702, "user_id": 8, "user_ip": null, "finish_time": "2021-02-26T02:03:30.900606", "timeout": null, "calibration": null, "external_uid": null, "media_url": null, "info": "medicine for viruses"}, {"id": 210, "created": "2021-03-15T19:43:07.372438", "project_id": 4, "task_id": 710, "user_id": 11, "user_ip": null, "finish_time": "2021-03-15T19:43:13.325500", "timeout": null, "calibration": null, "external_uid": null, "media_url": null, "info": "test1 "}, {"id": 211, "created": "2021-03-15T19:43:07.411209", "project_id": 4, "task_id": 711, "user_id": 11, "user_ip": null, "finish_time": "2021-03-15T19:43:25.799336", "timeout": null, "calibration": null, "external_uid": null, "media_url": null, "info": "test 2"}, {"id": 212, "created": "2021-03-15T20:12:40.895598", "project_id": 4, "task_id": 712, "user_id": 11, "user_ip": null, "finish_time": "2021-03-15T20:12:49.062546", "timeout": null, "calibration": null, "external_uid": null, "media_url": null, "info": "test 2"}, {"id": 213, "created": "2021-03-15T20:59:14.079133", "project_id": 4, "task_id": 713, "user_id": 11, "user_ip": null, "finish_time": "2021-03-15T20:59:31.072675", "timeout": null, "calibration": null, "external_uid": null, "media_url": null, "info": "test 2"}, {"id": 215, "created": "2021-03-17T15:53:27.824069", "project_id": 4, "task_id": 715, "user_id": 11, "user_ip": null, "finish_time": "2021-03-17T15:53:49.025485", "timeout": null, "calibration": null, "external_uid": null, "media_url": null, "info": "test 17"}, {"id": 217, "created": "2021-03-30T16:04:10.915852", "project_id": 4, "task_id": 717, "user_id": 11, "user_ip": null, "finish_time": "2021-03-30T16:04:21.782265", "timeout": null, "calibration": null, "external_uid": null, "media_url": null, "info": ""}, {"id": 218, "created": "2021-03-30T16:04:18.684136", "project_id": 4, "task_id": 718, "user_id": 11, "user_ip": null, "finish_time": "2021-03-30T16:04:24.865569", "timeout": null, "calibration": null, "external_uid": null, "media_url": null, "info": ""}, {"id": 219, "created": "2021-03-30T16:04:21.837421", "project_id": 4, "task_id": 719, "user_id": 11, "user_ip": null, "finish_time": "2021-03-30T16:04:28.800738", "timeout": null, "calibration": null, "external_uid": null, "media_url": null, "info": ""}, {"id": 220, "created": "2021-03-30T16:04:24.918189", "project_id": 4, "task_id": 720, "user_id": 11, "user_ip": null, "finish_time": "2021-03-30T16:04:31.203465", "timeout": null, "calibration": null, "external_uid": null, "media_url": null, "info": ""}, {"id": 221, "created": "2021-03-30T16:04:28.855091", "project_id": 4, "task_id": 721, "user_id": 11, "user_ip": null, "finish_time": "2021-03-30T16:04:32.780010", "timeout": null, "calibration": null, "external_uid": null, "media_url": null, "info": ""}, {"id": 222, "created": "2021-03-30T16:04:31.247320", "project_id": 4, "task_id": 722, "user_id": 11, "user_ip": null, "finish_time": "2021-03-30T16:04:34.040914", "timeout": null, "calibration": null, "external_uid": null, "media_url": null, "info": ""}, {"id": 223, "created": "2021-03-30T16:04:32.834178", "project_id": 4, "task_id": 723, "user_id": 11, "user_ip": null, "finish_time": "2021-03-30T16:04:34.984585", "timeout": null, "calibration": null, "external_uid": null, "media_url": null, "info": ""}, {"id": 224, "created": "2021-03-30T16:04:34.095875", "project_id": 4, "task_id": 724, "user_id": 11, "user_ip": null, "finish_time": "2021-03-30T16:04:36.371804", "timeout": null, "calibration": null, "external_uid": null, "media_url": null, "info": ""}, {"id": 225, "created": "2021-03-30T16:04:35.038670", "project_id": 4, "task_id": 725, "user_id": 11, "user_ip": null, "finish_time": "2021-03-30T16:04:37.752533", "timeout": null, "calibration": null, "external_uid": null, "media_url": null, "info": ""}, {"id": 226, "created": "2021-03-30T16:05:10.289117", "project_id": 4, "task_id": 726, "user_id": 11, "user_ip": null, "finish_time": "2021-03-30T16:05:12.381428", "timeout": null, "calibration": null, "external_uid": null, "media_url": null, "info": ""}, {"id": 227, "created": "2021-03-30T16:05:10.328375", "project_id": 4, "task_id": 727, "user_id": 11, "user_ip": null, "finish_time": "2021-03-30T16:05:14.437585", "timeout": null, "calibration": null, "external_uid": null, "media_url": null, "info": ""}, {"id": 228, "created": "2021-03-30T16:05:12.435633", "project_id": 4, "task_id": 728, "user_id": 11, "user_ip": null, "finish_time": "2021-03-30T16:05:15.974507", "timeout": null, "calibration": null, "external_uid": null, "media_url": null, "info": ""}, {"id": 229, "created": "2021-03-30T16:05:14.482122", "project_id": 4, "task_id": 729, "user_id": 11, "user_ip": null, "finish_time": "2021-03-30T16:05:17.089891", "timeout": null, "calibration": null, "external_uid": null, "media_url": null, "info": ""}, {"id": 230, "created": "2021-03-30T16:05:16.018776", "project_id": 4, "task_id": 730, "user_id": 11, "user_ip": null, "finish_time": "2021-03-30T16:05:19.549006", "timeout": null, "calibration": null, "external_uid": null, "media_url": null, "info": ""}, {"id": 231, "created": "2021-03-30T16:05:17.141809", "project_id": 4, "task_id": 731, "user_id": 11, "user_ip": null, "finish_time": "2021-03-30T16:05:21.134756", "timeout": null, "calibration": null, "external_uid": null, "media_url": null, "info": ""}, {"id": 232, "created": "2021-03-30T16:05:19.603973", "project_id": 4, "task_id": 732, "user_id": 11, "user_ip": null, "finish_time": "2021-03-30T16:05:25.770716", "timeout": null, "calibration": null, "external_uid": null, "media_url": null, "info": ""}, {"id": 233, "created": "2021-03-30T16:05:21.187897", "project_id": 4, "task_id": 733, "user_id": 11, "user_ip": null, "finish_time": "2021-03-30T16:05:28.027092", "timeout": null, "calibration": null, "external_uid": null, "media_url": null, "info": ""}, {"id": 234, "created": "2021-03-30T16:05:25.814785", "project_id": 4, "task_id": 734, "user_id": 11, "user_ip": null, "finish_time": "2021-03-30T16:05:46.148435", "timeout": null, "calibration": null, "external_uid": null, "media_url": null, "info": "qweqw"}, {"id": 235, "created": "2021-03-30T16:05:28.081062", "project_id": 4, "task_id": 735, "user_id": 11, "user_ip": null, "finish_time": "2021-03-30T16:05:51.100146", "timeout": null, "calibration": null, "external_uid": null, "media_url": null, "info": "qweqwe"}, {"id": 236, "created": "2021-03-30T16:05:46.193168", "project_id": 4, "task_id": 736, "user_id": 11, "user_ip": null, "finish_time": "2021-03-30T16:06:17.493632", "timeout": null, "calibration": null, "external_uid": null, "media_url": null, "info": "qwewqeqwe"}, {"id": 237, "created": "2021-03-30T16:05:51.144244", "project_id": 4, "task_id": 737, "user_id": 11, "user_ip": null, "finish_time": "2021-03-30T16:06:38.292714", "timeout": null, "calibration": null, "external_uid": null, "media_url": null, "info": "qwewqeqwe"}, {"id": 238, "created": "2021-03-30T16:06:17.538282", "project_id": 4, "task_id": 738, "user_id": 11, "user_ip": null, "finish_time": "2021-03-30T16:06:41.618350", "timeout": null, "calibration": null, "external_uid": null, "media_url": null, "info": "qwewqeqwe"}, {"id": 239, "created": "2021-03-30T16:06:38.354377", "project_id": 4, "task_id": 739, "user_id": 11, "user_ip": null, "finish_time": "2021-03-30T16:06:43.654353", "timeout": null, "calibration": null, "external_uid": null, "media_url": null, "info": "qwewqeqwe"}, {"id": 240, "created": "2021-03-30T16:06:41.672640", "project_id": 4, "task_id": 740, "user_id": 11, "user_ip": null, "finish_time": "2021-03-30T16:07:07.560623", "timeout": null, "calibration": null, "external_uid": null, "media_url": null, "info": "qwewqeqwe"}, {"id": 241, "created": "2021-03-30T16:06:43.699281", "project_id": 4, "task_id": 741, "user_id": 11, "user_ip": null, "finish_time": "2021-03-30T16:07:11.609525", "timeout": null, "calibration": null, "external_uid": null, "media_url": null, "info": "qwewqeqwe"}, {"id": 242, "created": "2021-03-30T16:07:07.605264", "project_id": 4, "task_id": 742, "user_id": 11, "user_ip": null, "finish_time": "2021-03-30T16:07:15.046633", "timeout": null, "calibration": null, "external_uid": null, "media_url": null, "info": "qwewqeqwe"}, {"id": 243, "created": "2021-03-30T16:07:11.663922", "project_id": 4, "task_id": 743, "user_id": 11, "user_ip": null, "finish_time": "2021-03-30T16:07:17.328911", "timeout": null, "calibration": null, "external_uid": null, "media_url": null, "info": "qwewqeqwe"}, {"id": 244, "created": "2021-03-30T16:07:15.109618", "project_id": 4, "task_id": 744, "user_id": 11, "user_ip": null, "finish_time": "2021-03-30T16:07:19.031702", "timeout": null, "calibration": null, "external_uid": null, "media_url": null, "info": "qwewqeqwe"}, {"id": 245, "created": "2021-03-30T16:07:17.373933", "project_id": 4, "task_id": 745, "user_id": 11, "user_ip": null, "finish_time": "2021-03-30T16:07:20.559225", "timeout": null, "calibration": null, "external_uid": null, "media_url": null, "info": "qwewqeqwe"}, {"id": 246, "created": "2021-03-30T16:07:19.075712", "project_id": 4, "task_id": 746, "user_id": 11, "user_ip": null, "finish_time": "2021-03-30T16:07:22.342318", "timeout": null, "calibration": null, "external_uid": null, "media_url": null, "info": "qwewqeqwe"}, {"id": 247, "created": "2021-04-01T13:08:43.903173", "project_id": 4, "task_id": 698, "user_id": 2, "user_ip": null, "finish_time": "2021-04-01T13:08:47.370120", "timeout": null, "calibration": null, "external_uid": null, "media_url": null, "info": "   "}, {"id": 248, "created": "2021-04-01T17:10:02.558103", "project_id": 4, "task_id": 699, "user_id": 2, "user_ip": null, "finish_time": "2021-04-01T17:10:05.370172", "timeout": null, "calibration": null, "external_uid": null, "media_url": null, "info": ""}, {"id": 249, "created": "2021-04-01T17:46:45.137294", "project_id": 4, "task_id": 700, "user_id": 2, "user_ip": null, "finish_time": "2021-04-01T17:46:47.162648", "timeout": null, "calibration": null, "external_uid": null, "media_url": null, "info": ""}, {"id": 250, "created": "2021-04-01T18:20:40.443673", "project_id": 4, "task_id": 701, "user_id": 2, "user_ip": null, "finish_time": "2021-04-01T18:20:47.163725", "timeout": null, "calibration": null, "external_uid": null, "media_url": null, "info": ""}, {"id": 251, "created": "2021-04-11T04:29:44.470010", "project_id": 4, "task_id": 747, "user_id": 11, "user_ip": null, "finish_time": "2021-04-11T04:30:14.921550", "timeout": null, "calibration": null, "external_uid": null, "media_url": null, "info": "abcdef"}, {"id": 252, "created": "2021-04-11T04:29:44.506547", "project_id": 4, "task_id": 748, "user_id": 11, "user_ip": null, "finish_time": "2021-04-11T04:32:09.854574", "timeout": null, "calibration": null, "external_uid": null, "media_url": null, "info": "abcdefg"}, {"id": 253, "created": "2021-04-14T18:48:49.060868", "project_id": 4, "task_id": 749, "user_id": 11, "user_ip": null, "finish_time": "2021-04-14T18:48:50.582001", "timeout": null, "calibration": null, "external_uid": null, "media_url": null, "info": ""}, {"id": 254, "created": "2021-04-14T18:48:49.099217", "project_id": 4, "task_id": 750, "user_id": 11, "user_ip": null, "finish_time": "2021-04-14T18:55:04.961880", "timeout": null, "calibration": null, "external_uid": null, "media_url": null, "info": ""}, {"id": 255, "created": "2021-04-14T20:03:32.036237", "project_id": 4, "task_id": 751, "user_id": 11, "user_ip": null, "finish_time": "2021-04-14T20:03:36.175365", "timeout": null, "calibration": null, "external_uid": null, "media_url": null, "info": ""}, {"id": 256, "created": "2021-04-14T20:03:32.113828", "project_id": 4, "task_id": 752, "user_id": 11, "user_ip": null, "finish_time": "2021-04-14T20:56:51.219549", "timeout": null, "calibration": null, "external_uid": null, "media_url": null, "info": "wewqe"}, {"id": 257, "created": "2021-04-14T21:09:02.763392", "project_id": 4, "task_id": 753, "user_id": 11, "user_ip": null, "finish_time": "2021-04-14T21:09:07.807423", "timeout": null, "calibration": null, "external_uid": null, "media_url": null, "info": ""}, {"id": 258, "created": "2021-04-14T21:14:33.967393", "project_id": 4, "task_id": 754, "user_id": 11, "user_ip": null, "finish_time": "2021-04-14T21:15:01.191551", "timeout": null, "calibration": null, "external_uid": null, "media_url": null, "info": ""}, {"id": 259, "created": "2021-04-15T02:43:13.371311", "project_id": 4, "task_id": 755, "user_id": 11, "user_ip": null, "finish_time": "2021-04-15T02:43:17.040962", "timeout": null, "calibration": null, "external_uid": null, "media_url": null, "info": ""}, {"id": 260, "created": "2021-04-15T02:43:13.450925", "project_id": 4, "task_id": 756, "user_id": 11, "user_ip": null, "finish_time": "2021-04-15T02:43:48.802700", "timeout": null, "calibration": null, "external_uid": null, "media_url": null, "info": ""}, {"id": 261, "created": "2021-04-16T03:45:39.703483", "project_id": 4, "task_id": 757, "user_id": 11, "user_ip": null, "finish_time": "2021-04-16T03:45:47.722053", "timeout": null, "calibration": null, "external_uid": null, "media_url": null, "info": "test 59"}, {"id": 262, "created": "2021-04-18T22:11:51.162463", "project_id": 4, "task_id": 758, "user_id": 11, "user_ip": null, "finish_time": "2021-04-18T22:22:54.667355", "timeout": null, "calibration": null, "external_uid": null, "media_url": null, "info": "qwerty"}, {"id": 263, "created": "2021-06-15T02:45:06.967922", "project_id": 4, "task_id": 759, "user_id": 11, "user_ip": null, "finish_time": "2021-06-15T02:45:22.269016", "timeout": null, "calibration": null, "external_uid": null, "media_url": null, "info": "test"}, {"id": 264, "created": "2021-06-15T02:45:07.125658", "project_id": 4, "task_id": 760, "user_id": 11, "user_ip": null, "finish_time": "2021-06-15T02:49:22.850430", "timeout": null, "calibration": null, "external_uid": null, "media_url": null, "info": "test1"}, {"id": 265, "created": "2021-06-15T02:45:22.365622", "project_id": 4, "task_id": 761, "user_id": 11, "user_ip": null, "finish_time": "2021-06-15T02:51:46.510718", "timeout": null, "calibration": null, "external_uid": null, "media_url": null, "info": "test2"}, {"id": 266, "created": "2021-09-24T17:45:01.997838", "project_id": 4, "task_id": 762, "user_id": 11, "user_ip": null, "finish_time": "2021-09-24T17:45:53.150958", "timeout": null, "calibration": null, "external_uid": null, "media_url": null, "info": "test"}, {"id": 267, "created": "2022-03-14T22:15:52.712511", "project_id": 4, "task_id": 763, "user_id": 11, "user_ip": null, "finish_time": "2022-03-14T22:51:37.141413", "timeout": null, "calibration": null, "external_uid": null, "media_url": null, "info": ""}]